Chapter,Title,Volume,Arc
1,Romance Dawn,Volume 1,Romance Dawn Arc Chapters
2,"They Call Him ""Straw Hat Luffy""",Volume 1,Romance Dawn Arc Chapters
3,Enter Zolo: Pirate Hunter,Volume 1,Romance Dawn Arc Chapters
4,The Great Captain Morgan,Volume 1,Romance Dawn Arc Chapters
5,The King of the Pirates and the Master Swordsman,Volume 1,Romance Dawn Arc Chapters
6,Number One,Volume 1,Romance Dawn Arc Chapters
7,Friends,Volume 1,Romance Dawn Arc Chapters
8,Nami,Volume 1,Orange Town Arc Chapters
9,Femme Fatale,Volume 2,Orange Town Arc Chapters
10,Incident at the Tavern,Volume 2,Orange Town Arc Chapters
11,Flight,Volume 2,Orange Town Arc Chapters
12,Dog,Volume 2,Orange Town Arc Chapters
13,Treasure,Volume 2,Orange Town Arc Chapters
14,Reckless,Volume 2,Orange Town Arc Chapters
15,Gong,Volume 2,Orange Town Arc Chapters
16,Versus Buggy's Crew,Volume 2,Orange Town Arc Chapters
17,"High Level, Low Level",Volume 2,Orange Town Arc Chapters
18,The Pirate Buggy the Clown,Volume 3,Orange Town Arc Chapters
19,Devil Fruit,Volume 3,Orange Town Arc Chapters
20,The Way of the Thief,Volume 3,Orange Town Arc Chapters
21,Townies,Volume 3,Orange Town Arc Chapters
22,Strange Creatures,Volume 3,Syrup Village Arc Chapters
23,The Dread Captain Usopp,Volume 3,Syrup Village Arc Chapters
24,The Lie Rejecter,Volume 3,Syrup Village Arc Chapters
25,Lies,Volume 3,Syrup Village Arc Chapters
26,Captain Kuro's Plan,Volume 3,Syrup Village Arc Chapters
27,True Lies,Volume 4,Syrup Village Arc Chapters
28,Crescent Moon,Volume 4,Syrup Village Arc Chapters
29,Uphill Battle,Volume 4,Syrup Village Arc Chapters
30,Backfire,Volume 4,Syrup Village Arc Chapters
31,Truth,Volume 4,Syrup Village Arc Chapters
32,Cruel Fortune,Volume 4,Syrup Village Arc Chapters
33,The Creeping Cat,Volume 4,Syrup Village Arc Chapters
34,A Humble Servant,Volume 4,Syrup Village Arc Chapters
35,The Steep Slope,Volume 4,Syrup Village Arc Chapters
36,After Them!!,Volume 5,Syrup Village Arc Chapters
37,"Captain Kuro, of the Thousand Plans",Volume 5,Syrup Village Arc Chapters
38,Pirate Crew,Volume 5,Syrup Village Arc Chapters
39,For Whom the Bell Tolls,Volume 5,Syrup Village Arc Chapters
40,Usopp's Pirate Crew,Volume 5,Syrup Village Arc Chapters
41,To the Sea,Volume 5,Syrup Village Arc Chapters
42,Yosaku and Johnny,Volume 5,Baratie Arc Chapters
43,Sanji,Volume 5,Baratie Arc Chapters
44,Three Tough Cooks,Volume 5,Baratie Arc Chapters
45,Before the Storm,Volume 6,Baratie Arc Chapters
46,An Uninvited Guest,Volume 6,Baratie Arc Chapters
47,The Don's Offer,Volume 6,Baratie Arc Chapters
48,Steer Clear,Volume 6,Baratie Arc Chapters
49,Storm,Volume 6,Baratie Arc Chapters
50,A Parting of Ways,Volume 6,Baratie Arc Chapters
51,Zolo Overboard,Volume 6,Baratie Arc Chapters
52,The Oath,Volume 6,Baratie Arc Chapters
53,Mackerel Head,Volume 6,Baratie Arc Chapters
54,Pearl,Volume 7,Baratie Arc Chapters
55,Jungle Blood,Volume 7,Baratie Arc Chapters
56,I Refuse,Volume 7,Baratie Arc Chapters
57,If You Have a Dream,Volume 7,Baratie Arc Chapters
58,The Crap-Geezer,Volume 7,Baratie Arc Chapters
59,Sanji's Debt,Volume 7,Baratie Arc Chapters
60,Resolution,Volume 7,Baratie Arc Chapters
61,The Demon,Volume 7,Baratie Arc Chapters
62,MH5,Volume 7,Baratie Arc Chapters
63,I Won't Die,Volume 8,Baratie Arc Chapters
64,The Mighty Battle Spear,Volume 8,Baratie Arc Chapters
65,Prepared,Volume 8,Baratie Arc Chapters
66,The Chewed-up Spear,Volume 8,Baratie Arc Chapters
67,The Soup,Volume 8,Baratie Arc Chapters
68,The Fourth Person,Volume 8,Baratie Arc Chapters
69,Arlong Park,Volume 8,Arlong Park Arc Chapters
70,The Great Adventure of Usopp the Man,Volume 8,Arlong Park Arc Chapters
71,Lords of All Creation,Volume 8,Arlong Park Arc Chapters
72,Proper Living,Volume 9,Arlong Park Arc Chapters
73,Monsters of the Grand Line,Volume 9,Arlong Park Arc Chapters
74,Business,Volume 9,Arlong Park Arc Chapters
75,Of Maps and Fish-Men,Volume 9,Arlong Park Arc Chapters
76,Sleep,Volume 9,Arlong Park Arc Chapters
77,The First Step Toward a Dream,Volume 9,Arlong Park Arc Chapters
78,Belle-Mère,Volume 9,Arlong Park Arc Chapters
79,To Live,Volume 9,Arlong Park Arc Chapters
80,A Thief Is a Thief,Volume 9,Arlong Park Arc Chapters
81,Tears,Volume 9,Arlong Park Arc Chapters
82,"OK, Let's STAND UP!",Volume 10,Arlong Park Arc Chapters
83,Luffy in Black,Volume 10,Arlong Park Arc Chapters
84,Zombie,Volume 10,Arlong Park Arc Chapters
85,Three Swords vs. Six,Volume 10,Arlong Park Arc Chapters
86,Heroism vs. Fish-Man Cruelty,Volume 10,Arlong Park Arc Chapters
87,It's All Over!!,Volume 10,Arlong Park Arc Chapters
88,Die!!!,Volume 10,Arlong Park Arc Chapters
89,Trade-off,Volume 10,Arlong Park Arc Chapters
90,What Can You Do?,Volume 10,Arlong Park Arc Chapters
91,Darts,Volume 11,Arlong Park Arc Chapters
92,Happiness,Volume 11,Arlong Park Arc Chapters
93,Going Down,Volume 11,Arlong Park Arc Chapters
94,The Other Villain,Volume 11,Arlong Park Arc Chapters
95,"Spin, Pinwheel",Volume 11,Arlong Park Arc Chapters
96,The Meanest Man in the East,Volume 11,Loguetown Arc Chapters
97,Kitetsu III,Volume 11,Loguetown Arc Chapters
98,Dark Clouds,Volume 11,Loguetown Arc Chapters
99,Luffy Died,Volume 11,Loguetown Arc Chapters
100,The Legend Begins,Volume 12,Loguetown Arc Chapters
101,Reverse Mountain,Volume 12,Reverse Mountain Arc Chapters
102,"And Now, the Grand Line",Volume 12,Reverse Mountain Arc Chapters
103,The Whale,Volume 12,Reverse Mountain Arc Chapters
104,Cape Promise,Volume 12,Reverse Mountain Arc Chapters
105,Log Pose,Volume 12,Reverse Mountain Arc Chapters
106,The Town of Welcome,Volume 12,Whisky Peak Arc Chapters
107,Moonlight and Tombstones,Volume 12,Whisky Peak Arc Chapters
108,100 Bounty Hunters,Volume 12,Whisky Peak Arc Chapters
109,A Question of Duty,Volume 13,Whisky Peak Arc Chapters
110,The Night Isn't Over,Volume 13,Whisky Peak Arc Chapters
111,The Secret Criminal Organization,Volume 13,Whisky Peak Arc Chapters
112,Luffy vs. Zolo,Volume 13,Whisky Peak Arc Chapters
113,It's All Right,Volume 13,Whisky Peak Arc Chapters
114,The Course,Volume 13,Whisky Peak Arc Chapters
115,Little Garden of Adventure,Volume 13,Little Garden Arc Chapters
116,Big,Volume 13,Little Garden Arc Chapters
117,Dorry and Broggy,Volume 13,Little Garden Arc Chapters
118,Someone's Out There,Volume 14,Little Garden Arc Chapters
119,Deadly Improvisation,Volume 14,Little Garden Arc Chapters
120,The Red Ogre Weeps,Volume 14,Little Garden Arc Chapters
121,I Knew,Volume 14,Little Garden Arc Chapters
122,A Dead Body Is Useless,Volume 14,Little Garden Arc Chapters
123,Luffy vs. Mr. 3,Volume 14,Little Garden Arc Chapters
124,The Tea Is Good,Volume 14,Little Garden Arc Chapters
125,Candle Champion,Volume 14,Little Garden Arc Chapters
126,Instinct,Volume 14,Little Garden Arc Chapters
127,Snail-o-phone,Volume 15,Little Garden Arc Chapters
128,Pirate Pride,Volume 15,Little Garden Arc Chapters
129,Straight Ahead!!!,Volume 15,Little Garden Arc Chapters
130,Maximum Speed,Volume 15,Drum Island Arc Chapters
131,Wapol of Tin,Volume 15,Drum Island Arc Chapters
132,See?,Volume 15,Drum Island Arc Chapters
133,Adventure in a Nameless Country,Volume 15,Drum Island Arc Chapters
134,Dr. Kureha,Volume 15,Drum Island Arc Chapters
135,Lapins,Volume 15,Drum Island Arc Chapters
136,A Man Named Dalton,Volume 15,Drum Island Arc Chapters
137,Avalanche,Volume 16,Drum Island Arc Chapters
138,The Summit,Volume 16,Drum Island Arc Chapters
139,Enter Tony Tony Chopper,Volume 16,Drum Island Arc Chapters
140,The Castle of Snow,Volume 16,Drum Island Arc Chapters
141,Quack Doctor,Volume 16,Drum Island Arc Chapters
142,Skull & Cherry Blossoms,Volume 16,Drum Island Arc Chapters
143,Clumsy,Volume 16,Drum Island Arc Chapters
144,Snow Tale,Volume 16,Drum Island Arc Chapters
145,Carrying on His Will,Volume 16,Drum Island Arc Chapters
146,Battle to Defend the Kingdom,Volume 17,Drum Island Arc Chapters
147,Frauds,Volume 17,Drum Island Arc Chapters
148,Unbreakable,Volume 17,Drum Island Arc Chapters
149,Rumble,Volume 17,Drum Island Arc Chapters
150,Royal Drum Crown 7-Shot Tin Tyrant Cannon,Volume 17,Drum Island Arc Chapters
151,The Skies of Drum,Volume 17,Drum Island Arc Chapters
152,Full Moon,Volume 17,Drum Island Arc Chapters
153,Hiriluk's Cherry Blossoms,Volume 17,Drum Island Arc Chapters
154,On to Alabasta,Volume 17,Drum Island Arc Chapters
155,"Sir Crocodile, the Pirate",Volume 17,Arabasta Arc Chapters
156,Oh Come My Way Days,Volume 18,Arabasta Arc Chapters
157,Ace Arrives,Volume 18,Arabasta Arc Chapters
158,Landing in Alabasta,Volume 18,Arabasta Arc Chapters
159,Come On,Volume 18,Arabasta Arc Chapters
160,Spiders Café at Eight O'Clock,Volume 18,Arabasta Arc Chapters
161,The Green City Erumalu,Volume 18,Arabasta Arc Chapters
162,Adventure in the Kingdom of Sand,Volume 18,Arabasta Arc Chapters
163,"Yuba, the Town of Rebels",Volume 18,Arabasta Arc Chapters
164,I Love My Country,Volume 18,Arabasta Arc Chapters
165,Operation Utopia,Volume 18,Arabasta Arc Chapters
166,Luffy vs. Vivi,Volume 18,Arabasta Arc Chapters
167,Battlefront,Volume 19,Arabasta Arc Chapters
168,"Rainbase, the City of Dreams",Volume 19,Arabasta Arc Chapters
169,The Kingdom's Strongest Warrior,Volume 19,Arabasta Arc Chapters
170,Beginning,Volume 19,Arabasta Arc Chapters
171,"Koza, Leader of the Rebels",Volume 19,Arabasta Arc Chapters
172,Rebellion,Volume 19,Arabasta Arc Chapters
173,Bananagator,Volume 19,Arabasta Arc Chapters
174,Mr. Prince,Volume 19,Arabasta Arc Chapters
175,Release,Volume 19,Arabasta Arc Chapters
176,Rush!!,Volume 19,Arabasta Arc Chapters
177,30 Million vs. 81 Million,Volume 20,Arabasta Arc Chapters
178,Grand Line Level,Volume 20,Arabasta Arc Chapters
179,Showdown at Alubarna,Volume 20,Arabasta Arc Chapters
180,Alabasta Animal Land,Volume 20,Arabasta Arc Chapters
181,Supersonic Duck Quiz,Volume 20,Arabasta Arc Chapters
182,Roar,Volume 20,Arabasta Arc Chapters
183,Squadron Leader Karoo,Volume 20,Arabasta Arc Chapters
184,Moletown Block Four,Volume 20,Arabasta Arc Chapters
185,Oh... Is That So?,Volume 20,Arabasta Arc Chapters
186,4,Volume 20,Arabasta Arc Chapters
187,Stalemate,Volume 21,Arabasta Arc Chapters
188,Oh Come My Way Karate,Volume 21,Arabasta Arc Chapters
189,2,Volume 21,Arabasta Arc Chapters
190,Climate Baton,Volume 21,Arabasta Arc Chapters
191,She Who Controls The Weather,Volume 21,Arabasta Arc Chapters
192,Tornado Warning,Volume 21,Arabasta Arc Chapters
193,Utopia,Volume 21,Arabasta Arc Chapters
194,Cutting Steel,Volume 21,Arabasta Arc Chapters
195,Mr. Bushido,Volume 21,Arabasta Arc Chapters
196,1,Volume 22,Arabasta Arc Chapters
197,The Leaders,Volume 22,Arabasta Arc Chapters
198,4:15 P.M.,Volume 22,Arabasta Arc Chapters
199,Hope!!,Volume 22,Arabasta Arc Chapters
200,Water Luffy,Volume 22,Arabasta Arc Chapters
201,Nico Robin,Volume 22,Arabasta Arc Chapters
202,The Royal Mausoleum,Volume 22,Arabasta Arc Chapters
203,Crocodile-ish,Volume 22,Arabasta Arc Chapters
204,Red,Volume 22,Arabasta Arc Chapters
205,The Sand-Sand Band's Secret Fort,Volume 22,Arabasta Arc Chapters
206,Ignition,Volume 23,Arabasta Arc Chapters
207,Nightmare,Volume 23,Arabasta Arc Chapters
208,Guardian Spirit,Volume 23,Arabasta Arc Chapters
209,I Will Defeat You,Volume 23,Arabasta Arc Chapters
210,Zero,Volume 23,Arabasta Arc Chapters
211,King,Volume 23,Arabasta Arc Chapters
212,Some Justice,Volume 23,Arabasta Arc Chapters
213,V.I.P.,Volume 23,Arabasta Arc Chapters
214,Strategy to Escape the Sand Kingdom,Volume 23,Arabasta Arc Chapters
215,Last Waltz,Volume 23,Arabasta Arc Chapters
216,Vivi's Adventure,Volume 23,Arabasta Arc Chapters
217,Stowaway,Volume 24,Arabasta Arc Chapters
218,Why the Log Pose Is Dome-Shaped,Volume 24,Jaya Arc Chapters
219,Masira the Salvage King,Volume 24,Jaya Arc Chapters
220,A Walk on the Seafloor,Volume 24,Jaya Arc Chapters
221,Monsters,Volume 24,Jaya Arc Chapters
222,The Giant Novice,Volume 24,Jaya Arc Chapters
223,I Promise Never to Fight in This Town,Volume 24,Jaya Arc Chapters
224,Do Not Dream,Volume 24,Jaya Arc Chapters
225,People's Dreams,Volume 24,Jaya Arc Chapters
226,"Shoujou, the Salvage King of the Seafloor",Volume 24,Jaya Arc Chapters
227,Noland the Liar,Volume 25,Jaya Arc Chapters
228,"Mont Blanc Cricket, the Last Boss of the Monkey Mountain Allied Force",Volume 25,Jaya Arc Chapters
229,Let's Eat,Volume 25,Jaya Arc Chapters
230,Pursue the South Bird!,Volume 25,Jaya Arc Chapters
231,Bellamy the Hyena,Volume 25,Jaya Arc Chapters
232,The 100 Million Berry Man,Volume 25,Jaya Arc Chapters
233,The World's Greatest Power,Volume 25,Jaya Arc Chapters
234,Please Remember,Volume 25,Jaya Arc Chapters
235,The Knock Up Stream,Volume 25,Jaya Arc Chapters
236,The Ship Sails to the Sky,Volume 25,Jaya Arc Chapters
237,High in the Sky,Volume 26,Skypiea Arc Chapters
238,Heaven's Gate,Volume 26,Skypiea Arc Chapters
239,Angel Beach,Volume 26,Skypiea Arc Chapters
240,Dial Power,Volume 26,Skypiea Arc Chapters
241,Heaven's Judgment,Volume 26,Skypiea Arc Chapters
242,Class-2 Criminals,Volume 26,Skypiea Arc Chapters
243,Trial,Volume 26,Skypiea Arc Chapters
244,S.O.S.,Volume 26,Skypiea Arc Chapters
245,Adventure on Kami's Island,Volume 26,Skypiea Arc Chapters
246,"Satori, Vassal of the Forest of No Return",Volume 26,Skypiea Arc Chapters
247,Ball Challenge,Volume 27,Skypiea Arc Chapters
248,Former Kami vs. Vassal,Volume 27,Skypiea Arc Chapters
249,The Village Hidden in the Cloud,Volume 27,Skypiea Arc Chapters
250,Ball Dragon,Volume 27,Skypiea Arc Chapters
251,Overture,Volume 27,Skypiea Arc Chapters
252,Junction,Volume 27,Skypiea Arc Chapters
253,Varse,Volume 27,Skypiea Arc Chapters
254,Aubade,Volume 27,Skypiea Arc Chapters
255,The Anaconda and the Search Team,Volume 27,Skypiea Arc Chapters
256,Wyper the Berserker,Volume 28,Skypiea Arc Chapters
257,Dial Battle,Volume 28,Skypiea Arc Chapters
258,The Many Souths,Volume 28,Skypiea Arc Chapters
259,Pirate Zolo vs. Warrior Braham,Volume 28,Skypiea Arc Chapters
260,Pirate Luffy vs. Berserker Wyper,Volume 28,Skypiea Arc Chapters
261,Warrior Genbo vs. Heavenly Warriors Commander Yama,Volume 28,Skypiea Arc Chapters
262,Pirate Chopper vs. Vassal Gedatsu,Volume 28,Skypiea Arc Chapters
263,Pirate Nami and the Weird Knight vs. Heavenly Warriors Subcommanders Hotori and Kotori,Volume 28,Skypiea Arc Chapters
264,Warrior Kamakiri vs. Kami Eneru,Volume 28,Skypiea Arc Chapters
265,Pirate Robin vs. Heavenly Warriors Commander Yama,Volume 29,Skypiea Arc Chapters
266,Pirate Chopper vs. Vassal Ohm,Volume 29,Skypiea Arc Chapters
267,March,Volume 29,Skypiea Arc Chapters
268,Suite,Volume 29,Skypiea Arc Chapters
269,Concerto,Volume 29,Skypiea Arc Chapters
270,Serenade,Volume 29,Skypiea Arc Chapters
271,Pirate Zolo vs. Vassal Ohm,Volume 29,Skypiea Arc Chapters
272,Play,Volume 29,Skypiea Arc Chapters
273,Quintet,Volume 29,Skypiea Arc Chapters
274,Oratorio,Volume 29,Skypiea Arc Chapters
275,Divina Commedia,Volume 29,Skypiea Arc Chapters
276,Shandian Rhythm,Volume 30,Skypiea Arc Chapters
277,Maxim,Volume 30,Skypiea Arc Chapters
278,Conis,Volume 30,Skypiea Arc Chapters
279,Pirate Luffy vs. Kami Eneru,Volume 30,Skypiea Arc Chapters
280,Floating,Volume 30,Skypiea Arc Chapters
281,Deathpiea,Volume 30,Skypiea Arc Chapters
282,Desire,Volume 30,Skypiea Arc Chapters
283,On the Front Line of Rescuing Love,Volume 30,Skypiea Arc Chapters
284,Sorry,Volume 30,Skypiea Arc Chapters
285,Capriccio,Volume 30,Skypiea Arc Chapters
286,The Shandoran Demon,Volume 31,Skypiea Arc Chapters
287,Kami Killing,Volume 31,Skypiea Arc Chapters
288,Curse,Volume 31,Skypiea Arc Chapters
289,Full Moon,Volume 31,Skypiea Arc Chapters
290,The Light of Shandora,Volume 31,Skypiea Arc Chapters
291,We'll Be Here,Volume 31,Skypiea Arc Chapters
292,"To Meet, like the Half-Moon Hidden by Clouds",Volume 31,Skypiea Arc Chapters
293,Bolero,Volume 31,Skypiea Arc Chapters
294,Kingdom Come,Volume 31,Skypiea Arc Chapters
295,Giant Jack,Volume 31,Skypiea Arc Chapters
296,Ultimate Sky Situation,Volume 32,Skypiea Arc Chapters
297,Praise of the Earth,Volume 32,Skypiea Arc Chapters
298,Love Song,Volume 32,Skypiea Arc Chapters
299,Fantasia,Volume 32,Skypiea Arc Chapters
300,Symphony,Volume 32,Skypiea Arc Chapters
301,I Hereby Guide...,Volume 32,Skypiea Arc Chapters
302,Finale,Volume 32,Skypiea Arc Chapters
303,The Wealthy Pirate Gang,Volume 32,Long Ring Long Land Arc Chapters
304,Long Island Adventure,Volume 32,Long Ring Long Land Arc Chapters
305,Foxy the Silver Fox,Volume 32,Long Ring Long Land Arc Chapters
306,Donut Race!,Volume 33,Long Ring Long Land Arc Chapters
307,"Ready, Set, Donut!",Volume 33,Long Ring Long Land Arc Chapters
308,Obstructive Tactics,Volume 33,Long Ring Long Land Arc Chapters
309,Groggy Monsters,Volume 33,Long Ring Long Land Arc Chapters
310,Groggy Ring!!,Volume 33,Long Ring Long Land Arc Chapters
311,Rough Game,Volume 33,Long Ring Long Land Arc Chapters
312,Goal!!,Volume 33,Long Ring Long Land Arc Chapters
313,Main Event,Volume 33,Long Ring Long Land Arc Chapters
314,Combat!!,Volume 33,Long Ring Long Land Arc Chapters
315,Secret Room,Volume 33,Long Ring Long Land Arc Chapters
316,Brother Soul,Volume 33,Long Ring Long Land Arc Chapters
317,K.O.,Volume 34,Long Ring Long Land Arc Chapters
318,Closure,Volume 34,Long Ring Long Land Arc Chapters
319,Admiral Aokiji of the Navy Headquarters,Volume 34,Long Ring Long Land Arc Chapters
320,Ultimate Military Force,Volume 34,Long Ring Long Land Arc Chapters
321,One-on-One,Volume 34,Long Ring Long Land Arc Chapters
322,Puffing Tom,Volume 34,Water 7 Arc Chapters
323,"The City of Water, Water Seven",Volume 34,Water 7 Arc Chapters
324,Adventures in the City on the Water,Volume 34,Water 7 Arc Chapters
325,The Franky Family,Volume 34,Water 7 Arc Chapters
326,Mr. Iceberg,Volume 34,Water 7 Arc Chapters
327,"Shipbuilding Island, Repair Dock No. 1",Volume 34,Water 7 Arc Chapters
328,The Pirate Abduction Incident,Volume 35,Water 7 Arc Chapters
329,My Name Is Franky,Volume 35,Water 7 Arc Chapters
330,It's Decided,Volume 35,Water 7 Arc Chapters
331,The Big Argument,Volume 35,Water 7 Arc Chapters
332,Luffy vs. Usopp,Volume 35,Water 7 Arc Chapters
333,Captain,Volume 35,Water 7 Arc Chapters
334,Big Trouble in the Secret Room,Volume 35,Water 7 Arc Chapters
335,Warning,Volume 35,Water 7 Arc Chapters
336,Luffy vs. Franky,Volume 35,Water 7 Arc Chapters
337,Protectors of the City of Water,Volume 36,Water 7 Arc Chapters
338,Coup de Vent,Volume 36,Water 7 Arc Chapters
339,Rumors,Volume 36,Water 7 Arc Chapters
340,The Woman Who Brings Darkness,Volume 36,Water 7 Arc Chapters
341,Demon,Volume 36,Water 7 Arc Chapters
342,The Messenger of Darkness,Volume 36,Water 7 Arc Chapters
343,Cipher Pol No. 9,Volume 36,Water 7 Arc Chapters
344,Opposing Force,Volume 36,Water 7 Arc Chapters
345,Sleepers,Volume 36,Water 7 Arc Chapters
346,The Ninth Justice,Volume 36,Water 7 Arc Chapters
347,Six Powers,Volume 37,Water 7 Arc Chapters
348,Fighting Power,Volume 37,Water 7 Arc Chapters
349,Ordinary Citizens,Volume 37,Water 7 Arc Chapters
350,The Warehouse Under the Bridge,Volume 37,Water 7 Arc Chapters
351,Klabautermann,Volume 37,Water 7 Arc Chapters
352,Tom's Workers,Volume 37,Water 7 Arc Chapters
353,The Legendary Shipwright,Volume 37,Water 7 Arc Chapters
354,Sea Train,Volume 37,Water 7 Arc Chapters
355,Spandam,Volume 37,Water 7 Arc Chapters
356,Mr. Tom,Volume 37,Water 7 Arc Chapters
357,Cutty Flam,Volume 37,Water 7 Arc Chapters
358,Reactivation,Volume 38,Water 7 Arc Chapters
359,Bingo,Volume 38,Water 7 Arc Chapters
360,Departing Soon,Volume 38,Water 7 Arc Chapters
361,P.S.,Volume 38,Water 7 Arc Chapters
362,Ebb Tide,Volume 38,Water 7 Arc Chapters
363,Aqua Laguna,Volume 38,Water 7 Arc Chapters
364,Kokoro,Volume 38,Water 7 Arc Chapters
365,Rocketman!!,Volume 38,Water 7 Arc Chapters
366,Sortie!,Volume 38,Water 7 Arc Chapters
367,Sniper King,Volume 38,Water 7 Arc Chapters
368,Sea Train Battle Game,Volume 39,Water 7 Arc Chapters
369,Ramen Kung Fu,Volume 39,Water 7 Arc Chapters
370,You're Not Alone,Volume 39,Water 7 Arc Chapters
371,The Honorable Captain T-Bone,Volume 39,Water 7 Arc Chapters
372,Plastic Surgery,Volume 39,Water 7 Arc Chapters
373,Necessary Evil,Volume 39,Water 7 Arc Chapters
374,Scramble,Volume 39,Water 7 Arc Chapters
375,The Supermen of Enies Lobby,Volume 39,Enies Lobby Arc Chapters
376,I Got It!!,Volume 39,Enies Lobby Arc Chapters
377,The Big Showdown on the Judicial Island,Volume 39,Enies Lobby Arc Chapters
378,Casualties,Volume 40,Enies Lobby Arc Chapters
379,Power Level,Volume 40,Enies Lobby Arc Chapters
380,Enies Lobby Main Island Express,Volume 40,Enies Lobby Arc Chapters
381,Fired,Volume 40,Enies Lobby Arc Chapters
382,Demon Lair,Volume 40,Enies Lobby Arc Chapters
383,Luffy vs. Blueno,Volume 40,Enies Lobby Arc Chapters
384,Signal the Counterattack,Volume 40,Enies Lobby Arc Chapters
385,There Is a Way,Volume 40,Enies Lobby Arc Chapters
386,Unprecedented,Volume 40,Enies Lobby Arc Chapters
387,Gear,Volume 40,Enies Lobby Arc Chapters
388,Gear Two,Volume 40,Enies Lobby Arc Chapters
389,Response,Volume 41,Enies Lobby Arc Chapters
390,Accepting the Challenge,Volume 41,Enies Lobby Arc Chapters
391,The Girl They Called a Demon,Volume 41,Enies Lobby Arc Chapters
392,Dereshi,Volume 41,Enies Lobby Arc Chapters
393,Olvia,Volume 41,Enies Lobby Arc Chapters
394,The Demons of Ohara,Volume 41,Enies Lobby Arc Chapters
395,Ohara vs. the World Government,Volume 41,Enies Lobby Arc Chapters
396,Saul,Volume 41,Enies Lobby Arc Chapters
397,In Hopes of Reaching the Future,Volume 41,Enies Lobby Arc Chapters
398,Declaration of War,Volume 41,Enies Lobby Arc Chapters
399,Jump Toward the Waterfall!!,Volume 41,Enies Lobby Arc Chapters
400,The Key to Freedom,Volume 42,Enies Lobby Arc Chapters
401,Pirates vs. CP9,Volume 42,Enies Lobby Arc Chapters
402,Handcuffs No. 2,Volume 42,Enies Lobby Arc Chapters
403,Mr. Chivalry,Volume 42,Enies Lobby Arc Chapters
404,Franky vs. Fukurô,Volume 42,Enies Lobby Arc Chapters
405,Power,Volume 42,Enies Lobby Arc Chapters
406,Life Return,Volume 42,Enies Lobby Arc Chapters
407,Monster,Volume 42,Enies Lobby Arc Chapters
408,Monster vs. Kumadori,Volume 42,Enies Lobby Arc Chapters
409,The Terrifying Broadcast,Volume 42,Enies Lobby Arc Chapters
410,Super-Size Nami,Volume 43,Enies Lobby Arc Chapters
411,Nami vs. Kalifa,Volume 43,Enies Lobby Arc Chapters
412,You Missed Your Chance,Volume 43,Enies Lobby Arc Chapters
413,Hunter,Volume 43,Enies Lobby Arc Chapters
414,Sanji vs. Jabra,Volume 43,Enies Lobby Arc Chapters
415,Heat Up,Volume 43,Enies Lobby Arc Chapters
416,Zolo vs. Kaku,Volume 43,Enies Lobby Arc Chapters
417,Asura,Volume 43,Enies Lobby Arc Chapters
418,Luffy vs. Rob Lucci,Volume 43,Enies Lobby Arc Chapters
419,Legend of a Hero,Volume 43,Enies Lobby Arc Chapters
420,Buster Call,Volume 44,Enies Lobby Arc Chapters
421,Gear Three,Volume 44,Enies Lobby Arc Chapters
422,Rob Lucci,Volume 44,Enies Lobby Arc Chapters
423,Mermaid Legend,Volume 44,Enies Lobby Arc Chapters
424,Escape Ship,Volume 44,Enies Lobby Arc Chapters
425,Bridge of Mortal Combat,Volume 44,Enies Lobby Arc Chapters
426,A Ship Waiting for Wind,Volume 44,Enies Lobby Arc Chapters
427,This Isn't the Afterlife,Volume 44,Enies Lobby Arc Chapters
428,Let's Go Back,Volume 44,Enies Lobby Arc Chapters
429,Utter Defeat,Volume 44,Enies Lobby Arc Chapters
430,A Light Snow of Reminiscence Falls,Volume 44,Enies Lobby Arc Chapters
431,Fist of Love,Volume 45,Post-Enies Lobby Arc Chapters
432,Jack-in-the-Box,Volume 45,Post-Enies Lobby Arc Chapters
433,The Name of That Sea,Volume 45,Post-Enies Lobby Arc Chapters
434,Whitebeard and Red-Hair,Volume 45,Post-Enies Lobby Arc Chapters
435,You Have My Sympathies,Volume 45,Post-Enies Lobby Arc Chapters
436,Trunks from Franky House,Volume 45,Post-Enies Lobby Arc Chapters
437,Naked Mania,Volume 45,Post-Enies Lobby Arc Chapters
438,Pride,Volume 45,Post-Enies Lobby Arc Chapters
439,Third and Seventh,Volume 45,Post-Enies Lobby Arc Chapters
440,Fire Fist vs. Blackbeard,Volume 45,Post-Enies Lobby Arc Chapters
441,Duel on Banaro Island,Volume 46,Post-Enies Lobby Arc Chapters
442,Adventure in the Demonic Sea,Volume 46,Thriller Bark Arc Chapters
443,Thriller Bark,Volume 46,Thriller Bark Arc Chapters
444,Adventure on Ghost Island,Volume 46,Thriller Bark Arc Chapters
445,Zombies,Volume 46,Thriller Bark Arc Chapters
446,Doctor Hogback,Volume 46,Thriller Bark Arc Chapters
447,Zombie-in-the-Box,Volume 46,Thriller Bark Arc Chapters
448,Moria,Volume 46,Thriller Bark Arc Chapters
449,The Four Monsters of Thriller Bark,Volume 46,Thriller Bark Arc Chapters
450,Night of the Zombie Generals,Volume 47,Thriller Bark Arc Chapters
451,Perona's Wonder Garden,Volume 47,Thriller Bark Arc Chapters
452,Jigoro of the Wind,Volume 47,Thriller Bark Arc Chapters
453,"Cloudy, Partly Bony",Volume 47,Thriller Bark Arc Chapters
454,The Humming Swordsman,Volume 47,Thriller Bark Arc Chapters
455,Gecko Moria of the Seven Warlords of the Sea,Volume 47,Thriller Bark Arc Chapters
456,Demon from the Land of Ice,Volume 47,Thriller Bark Arc Chapters
457,Meat!!!,Volume 47,Thriller Bark Arc Chapters
458,Anything but My Afro,Volume 47,Thriller Bark Arc Chapters
459,I Can't Just Die Hoping to be Forgiven,Volume 47,Thriller Bark Arc Chapters
460,Conquest Before Dawn!,Volume 48,Thriller Bark Arc Chapters
461,Ghost Buster,Volume 48,Thriller Bark Arc Chapters
462,Adventures of Oars,Volume 48,Thriller Bark Arc Chapters
463,Pirate Sanji vs. Mystery Man Absalom,Volume 48,Thriller Bark Arc Chapters
464,Sanji's Dream,Volume 48,Thriller Bark Arc Chapters
465,Pirate Usopp vs. Mystery Woman Perona,Volume 48,Thriller Bark Arc Chapters
466,Conclusion,Volume 48,Thriller Bark Arc Chapters
467,Pirate Zolo vs. Samurai Ryuma,Volume 48,Thriller Bark Arc Chapters
468,Pirate Chopper vs. Mystery Man Hogback,Volume 48,Thriller Bark Arc Chapters
469,"Come Out Here, Straw Hat Pirates!",Volume 48,Thriller Bark Arc Chapters
470,Oars vs. Straw Hat Pirates,Volume 48,Thriller Bark Arc Chapters
471,My Friend,Volume 49,Thriller Bark Arc Chapters
472,Down,Volume 49,Thriller Bark Arc Chapters
473,Warlord Bartholomew Kuma Appears,Volume 49,Thriller Bark Arc Chapters
474,We Have to Do It!,Volume 49,Thriller Bark Arc Chapters
475,Pirates of the Forest,Volume 49,Thriller Bark Arc Chapters
476,Nightmare Luffy,Volume 49,Thriller Bark Arc Chapters
477,3/8,Volume 49,Thriller Bark Arc Chapters
478,Luffy vs. Luffy,Volume 49,Thriller Bark Arc Chapters
479,Warrior of Hope,Volume 49,Thriller Bark Arc Chapters
480,Interception,Volume 49,Thriller Bark Arc Chapters
481,Shadows Asgard,Volume 49,Thriller Bark Arc Chapters
482,Morning Is Coming,Volume 50,Thriller Bark Arc Chapters
483,The End of the Dream,Volume 50,Thriller Bark Arc Chapters
484,Squish,Volume 50,Thriller Bark Arc Chapters
485,Straw Hat Pirates—Pirate Hunter Zolo,Volume 50,Thriller Bark Arc Chapters
486,Piano,Volume 50,Thriller Bark Arc Chapters
487,That Song,Volume 50,Thriller Bark Arc Chapters
488,Song of Life,Volume 50,Thriller Bark Arc Chapters
489,Eighth Person,Volume 50,Thriller Bark Arc Chapters
490,Arriving Again,Volume 50,Sabaody Archipelago 
491,Flying Fish Riders,Volume 50,Sabaody Archipelago 
492,Iron Mask Duval,Volume 51,Sabaody Archipelago 
493,You Know Me,Volume 51,Sabaody Archipelago 
494,Duval's Tragedy,Volume 51,Sabaody Archipelago 
495,Gaon Cannon,Volume 51,Sabaody Archipelago 
496,Yarukiman Mangrove,Volume 51,Sabaody Archipelago 
497,Adventure on the Archipelago of Dancing Soap Bubbles,Volume 51,Sabaody Archipelago 
498,The Eleven Supernovas,Volume 51,Sabaody Archipelago 
499,Sabaody Park,Volume 51,Sabaody Archipelago 
500,The Embers of History,Volume 51,Sabaody Archipelago 
501,The World Begins to Swell,Volume 51,Sabaody Archipelago 
502,The Incident of the Celestial Dragons,Volume 51,Sabaody Archipelago 
503,Aggravated Island,Volume 52,Sabaody Archipelago 
504,Pirate Front Line on the Move!!,Volume 52,Sabaody Archipelago 
505,Kuma,Volume 52,Sabaody Archipelago 
506,Roger and Rayleigh,Volume 52,Sabaody Archipelago 
507,Kizaru Arrives,Volume 52,Sabaody Archipelago 
508,Island of Carnage,Volume 52,Sabaody Archipelago 
509,Kizaru vs. Four Captains,Volume 52,Sabaody Archipelago 
510,Straw Hat Pirates vs. War Machine,Volume 52,Sabaody Archipelago 
511,Axe-Carrying Sentomaru,Volume 52,Sabaody Archipelago 
512,"Zolo, Gone",Volume 52,Sabaody Archipelago 
513,Beyond Rescue!!!,Volume 53,Sabaody Archipelago 
514,Body Parasite Mushrooms,Volume 53,Amazon Lily Arc Chapters
515,Adventure on the Island of Women,Volume 53,Amazon Lily Arc Chapters
516,Pirate Empress Boa Hancock,Volume 53,Amazon Lily Arc Chapters
517,Bath Time,Volume 53,Amazon Lily Arc Chapters
518,Coliseum,Volume 53,Amazon Lily Arc Chapters
519,Natural Born King,Volume 53,Amazon Lily Arc Chapters
520,Eye of the Gorgon,Volume 53,Amazon Lily Arc Chapters
521,Hoof of the Celestial Dragon,Volume 53,Amazon Lily Arc Chapters
522,Fatal Illness,Volume 53,Amazon Lily Arc Chapters
523,Hell,Volume 54,Amazon Lily Arc Chapters
524,Unstoppable,Volume 54,Amazon Lily Arc Chapters
525,The Underwater Prison Impel Down,Volume 54,Impel Down Arc Chapters
526,Adventure in the Great Prison,Volume 54,Impel Down Arc Chapters
527,Level 1: Crimson Hell,Volume 54,Impel Down Arc Chapters
528,"Jimbei, First Son of the Sea",Volume 54,Impel Down Arc Chapters
529,Level 2: Beast Hell,Volume 54,Impel Down Arc Chapters
530,From One Hell to Another,Volume 54,Impel Down Arc Chapters
531,Level 3: Starvation Hell,Volume 54,Impel Down Arc Chapters
532,Jailer Beast Minotaur,Volume 54,Impel Down Arc Chapters
533,Level 4: Inferno Hell,Volume 55,Impel Down Arc Chapters
534,Warden Magellan vs. Pirate Luffy,Volume 55,Impel Down Arc Chapters
535,Friend,Volume 55,Impel Down Arc Chapters
536,Level 5: Frozen Hell,Volume 55,Impel Down Arc Chapters
537,A Ray of Hope,Volume 55,Impel Down Arc Chapters
538,Level 5.5: New Kama Land,Volume 55,Impel Down Arc Chapters
539,Emporio Energy Hormone,Volume 55,Impel Down Arc Chapters
540,Level 6: Infinite Hell,Volume 55,Impel Down Arc Chapters
541,The Greatest Ever,Volume 55,Impel Down Arc Chapters
542,Yet Another Epic Incident,Volume 56,Impel Down Arc Chapters
543,Straw Hat and Blackbeard,Volume 56,Impel Down Arc Chapters
544,The Lid to the Cauldron of Hell Opens,Volume 56,Impel Down Arc Chapters
545,To Sunshine and Freedom,Volume 56,Impel Down Arc Chapters
546,"Fish-man Pirate Captain Jimbei, Warlord of the Sea",Volume 56,Impel Down Arc Chapters
547,Island Ripper,Volume 56,Impel Down Arc Chapters
548,Thank You,Volume 56,Impel Down Arc Chapters
549,Battleship,Volume 56,Impel Down Arc Chapters
550,Navy Headquarters,Volume 56,Marineford Arc Chapters
551,Whitebeard of the Four Emperors,Volume 56,Marineford Arc Chapters
552,Ace and Whitebeard,Volume 57,Marineford Arc Chapters
553,Paramount War,Volume 57,Marineford Arc Chapters
554,Admiral Akainu,Volume 57,Marineford Arc Chapters
555,Oars and the Hat,Volume 57,Marineford Arc Chapters
556,Justice Will Prevail!,Volume 57,Marineford Arc Chapters
557,Luffy and Whitebeard,Volume 57,Marineford Arc Chapters
558,Little Brother,Volume 57,Marineford Arc Chapters
559,Destiny,Volume 57,Marineford Arc Chapters
560,Prisoners of Impel Down,Volume 57,Marineford Arc Chapters
561,Luffy vs. Mihawk,Volume 57,Marineford Arc Chapters
562,Whirl Spider Squard,Volume 57,Marineford Arc Chapters
563,"One Man, One Heart",Volume 58,Marineford Arc Chapters
564,The Man Who Shook the World,Volume 58,Marineford Arc Chapters
565,Oars's Path,Volume 58,Marineford Arc Chapters
566,Raid,Volume 58,Marineford Arc Chapters
567,Marineford Navy Headquarters—Oris Plaza,Volume 58,Marineford Arc Chapters
568,Have It Your Way!,Volume 58,Marineford Arc Chapters
569,White Monster,Volume 58,Marineford Arc Chapters
570,The Bridge of Life,Volume 58,Marineford Arc Chapters
571,The Execution Platform,Volume 58,Marineford Arc Chapters
572,The Times They Are A-Changin',Volume 58,Marineford Arc Chapters
573,"The Name of This Era Is ""Whitebeard""",Volume 58,Marineford Arc Chapters
574,The Death of Portgaz D. Ace,Volume 59,Marineford Arc Chapters
575,Voiceless Rage,Volume 59,Marineford Arc Chapters
576,The Great Pirate Edward Newgate,Volume 59,Marineford Arc Chapters
577,Outrageous Events One After Another,Volume 59,Marineford Arc Chapters
578,A Gift for the New Era,Volume 59,Marineford Arc Chapters
579,A Few Seconds of Courage,Volume 59,Marineford Arc Chapters
580,The War's Conclusion,Volume 59,Marineford Arc Chapters
581,Creeping Future,Volume 59,Post-War Arc Chapters
582,Luffy and Ace,Volume 59,Post-War Arc Chapters
583,Gray Terminal,Volume 59,Post-War Arc Chapters
584,Incident With Porchemy,Volume 59,Post-War Arc Chapters
585,Brotherly Pact,Volume 60,Post-War Arc Chapters
586,City of Stench,Volume 60,Post-War Arc Chapters
587,I Will Never Run Away,Volume 60,Post-War Arc Chapters
588,Sabo's Ocean,Volume 60,Post-War Arc Chapters
589,Will of the Winds,Volume 60,Post-War Arc Chapters
590,My Little Brother,Volume 60,Post-War Arc Chapters
591,Are You Sure About That?,Volume 60,Post-War Arc Chapters
592,Cheer,Volume 60,Post-War Arc Chapters
593,NEWS,Volume 60,Post-War Arc Chapters
594,Message,Volume 60,Post-War Arc Chapters
595,The Pledge,Volume 61,Post-War Arc Chapters
596,SPECTRUM,Volume 61,Post-War Arc Chapters
597,3D2Y,Volume 61,Post-War Arc Chapters
598,Two Years Later,Volume 61,Return to Sabaody Arc Chapters
599,Nine Pirates,Volume 61,Return to Sabaody Arc Chapters
600,Island of New Beginnings,Volume 61,Return to Sabaody Arc Chapters
601,Romance Dawn for the New World,Volume 61,Return to Sabaody Arc Chapters
602,Downward Ho!,Volume 61,Return to Sabaody Arc Chapters
603,Keep That in Mind,Volume 61,Fish-Man Island Arc Chapters
604,To the Deep Sea,Volume 62,Fish-Man Island Arc Chapters
605,The Kraken and the Pirates,Volume 62,Fish-Man Island Arc Chapters
606,Deep Sea Adventure,Volume 62,Fish-Man Island Arc Chapters
607,"30,000 Feet Under the Sea",Volume 62,Fish-Man Island Arc Chapters
608,Underwater Paradise,Volume 62,Fish-Man Island Arc Chapters
609,Adventure on Fish-Man Island,Volume 62,Fish-Man Island Arc Chapters
610,"Madam Sharley, Fortune-Teller",Volume 62,Fish-Man Island Arc Chapters
611,Hody Jones,Volume 62,Fish-Man Island Arc Chapters
612,Taken by the Shark They Saved,Volume 62,Fish-Man Island Arc Chapters
613,Mermaid Princess of Shell Tower,Volume 62,Fish-Man Island Arc Chapters
614,Too Late Now,Volume 62,Fish-Man Island Arc Chapters
615,Mark-Mark Curse,Volume 63,Fish-Man Island Arc Chapters
616,Anniversary for Revenge,Volume 63,Fish-Man Island Arc Chapters
617,Incident at Coral Hill,Volume 63,Fish-Man Island Arc Chapters
618,Proposal,Volume 63,Fish-Man Island Arc Chapters
619,At the Forest of the Sea,Volume 63,Fish-Man Island Arc Chapters
620,The Wonderful Amusement Park,Volume 63,Fish-Man Island Arc Chapters
621,Otohime and Tiger,Volume 63,Fish-Man Island Arc Chapters
622,The Sun Pirates,Volume 63,Fish-Man Island Arc Chapters
623,Fisher Tiger the Pirate,Volume 63,Fish-Man Island Arc Chapters
624,Queen Otohime,Volume 63,Fish-Man Island Arc Chapters
625,Uninherited Will,Volume 63,Fish-Man Island Arc Chapters
626,Neptune Brothers,Volume 63,Fish-Man Island Arc Chapters
627,Thank You,Volume 64,Fish-Man Island Arc Chapters
628,Spring Cleaning,Volume 64,Fish-Man Island Arc Chapters
629,Former Warlord in the Way,Volume 64,Fish-Man Island Arc Chapters
630,Getting Violent,Volume 64,Fish-Man Island Arc Chapters
631,Conchcorde Plaza,Volume 64,Fish-Man Island Arc Chapters
632,I Knew,Volume 64,Fish-Man Island Arc Chapters
633,Friend or Foe,Volume 64,Fish-Man Island Arc Chapters
634,"100,000 vs. 10",Volume 64,Fish-Man Island Arc Chapters
635,So Scared I Ran Up to the Sky,Volume 64,Fish-Man Island Arc Chapters
636,General from Futureland,Volume 64,Fish-Man Island Arc Chapters
637,The Ancient Ark,Volume 65,Fish-Man Island Arc Chapters
638,Escape-Hoshi,Volume 65,Fish-Man Island Arc Chapters
639,Protect Everything,Volume 65,Fish-Man Island Arc Chapters
640,Above Fish-Man Island,Volume 65,Fish-Man Island Arc Chapters
641,What Are You?,Volume 65,Fish-Man Island Arc Chapters
642,Lost All Face,Volume 65,Fish-Man Island Arc Chapters
643,Phantom,Volume 65,Fish-Man Island Arc Chapters
644,To Nothing,Volume 65,Fish-Man Island Arc Chapters
645,Death Is Another Form of Revenge,Volume 65,Fish-Man Island Arc Chapters
646,Frog,Volume 65,Fish-Man Island Arc Chapters
647,"Stop, Noah",Volume 66,Fish-Man Island Arc Chapters
648,The Road Toward the Sun,Volume 66,Fish-Man Island Arc Chapters
649,The Dance of Breams and Plaices,Volume 66,Fish-Man Island Arc Chapters
650,Two Changes to Be Aware Of,Volume 66,Fish-Man Island Arc Chapters
651,A Voice from the New World,Volume 66,Fish-Man Island Arc Chapters
652,A Premonition of Stormy Seas,Volume 66,Fish-Man Island Arc Chapters
653,The Hero Hat,Volume 66,Fish-Man Island Arc Chapters
654,A Gam of Whales,Volume 66,Punk Hazard Arc Chapters
655,Punk Hazard,Volume 66,Punk Hazard Arc Chapters
656,Adventure on the Burning Island,Volume 66,Punk Hazard Arc Chapters
657,Severed Head,Volume 67,Punk Hazard Arc Chapters
658,The Biscuits Room,Volume 67,Punk Hazard Arc Chapters
659,About My Torso,Volume 67,Punk Hazard Arc Chapters
660,"Trafalgar Law, Warlord of the Sea",Volume 67,Punk Hazard Arc Chapters
661,Lakeside Bandits,Volume 67,Punk Hazard Arc Chapters
662,Warlord Law vs. Vice Admiral Smoker,Volume 67,Punk Hazard Arc Chapters
663,CC,Volume 67,Punk Hazard Arc Chapters
664,Master Caesar Clown,Volume 67,Punk Hazard Arc Chapters
665,Candy,Volume 67,Punk Hazard Arc Chapters
666,Yeti Cool Brothers,Volume 67,Punk Hazard Arc Chapters
667,Cool Fight,Volume 67,Punk Hazard Arc Chapters
668,Pirate Alliance,Volume 68,Punk Hazard Arc Chapters
669,Commence Operation,Volume 68,Punk Hazard Arc Chapters
670,Blizzard with a Chance of Slime,Volume 68,Punk Hazard Arc Chapters
671,Gas-Gas Fruit,Volume 68,Punk Hazard Arc Chapters
672,My Name Is Kin'emon!!,Volume 68,Punk Hazard Arc Chapters
673,Vergo and Joker,Volume 68,Punk Hazard Arc Chapters
674,The Observers,Volume 68,Punk Hazard Arc Chapters
675,I Call It Land of the Dead,Volume 68,Punk Hazard Arc Chapters
676,The Perfect Weapon of Mass Murder,Volume 68,Punk Hazard Arc Chapters
677,Counter Hazard!!,Volume 68,Punk Hazard Arc Chapters
678,Lobby of Laboratory Building A,Volume 68,Punk Hazard Arc Chapters
679,The G-5 Spirit,Volume 69,Punk Hazard Arc Chapters
680,G-5 Commander Vergo the Bamboo Demon,Volume 69,Punk Hazard Arc Chapters
681,Luffy vs. Master,Volume 69,Punk Hazard Arc Chapters
682,Puppet Master,Volume 69,Punk Hazard Arc Chapters
683,An Icy Woman,Volume 69,Punk Hazard Arc Chapters
684,"Don't Do It, Vegapunk",Volume 69,Punk Hazard Arc Chapters
685,My Name is Momonosuke,Volume 69,Punk Hazard Arc Chapters
686,The Snow-Woman in the Biscuits Room,Volume 69,Punk Hazard Arc Chapters
687,Wild Beast,Volume 69,Punk Hazard Arc Chapters
688,Mocha,Volume 69,Punk Hazard Arc Chapters
689,The Island That's There but Isn't There,Volume 69,Punk Hazard Arc Chapters
690,S.A.D.,Volume 69,Punk Hazard Arc Chapters
691,King of the Land of the Dead,Volume 70,Punk Hazard Arc Chapters
692,Assassins from Dressrosa,Volume 70,Punk Hazard Arc Chapters
693,Die for Me,Volume 70,Punk Hazard Arc Chapters
694,The Most Dangerous Man,Volume 70,Punk Hazard Arc Chapters
695,Leave It to Us!!!,Volume 70,Punk Hazard Arc Chapters
696,Alignment of Interests,Volume 70,Punk Hazard Arc Chapters
697,A Deal,Volume 70,Punk Hazard Arc Chapters
698,Enter Doflamingo,Volume 70,Punk Hazard Arc Chapters
699,Morning Edition,Volume 70,Punk Hazard Arc Chapters
700,His Momentum,Volume 70,Dressrosa Arc Chapters
701,"Adventure in the Land of Love, Passion and Toys",Volume 71,Dressrosa Arc Chapters
702,Corrida Coliseum,Volume 71,Dressrosa Arc Chapters
703,Waiting Room,Volume 71,Dressrosa Arc Chapters
704,Lucy and the Statue of Kyros,Volume 71,Dressrosa Arc Chapters
705,Maynard the Pursuer,Volume 71,Dressrosa Arc Chapters
706,I Ain't Gonna Laugh at Ya,Volume 71,Dressrosa Arc Chapters
707,Block B,Volume 71,Dressrosa Arc Chapters
708,Coliseum of Scoundrels,Volume 71,Dressrosa Arc Chapters
709,King Punch!!,Volume 71,Dressrosa Arc Chapters
710,To Greenbit,Volume 71,Dressrosa Arc Chapters
711,Adventure in the Land of the Little People,Volume 71,Dressrosa Arc Chapters
712,Violet,Volume 72,Dressrosa Arc Chapters
713,Usoland,Volume 72,Dressrosa Arc Chapters
714,Lucy and Moocy,Volume 72,Dressrosa Arc Chapters
715,The Battleground of Block C,Volume 72,Dressrosa Arc Chapters
716,Don Chin Jao,Volume 72,Dressrosa Arc Chapters
717,Dressrosa's Forgotten,Volume 72,Dressrosa Arc Chapters
718,Riku Army at the Flower Field,Volume 72,Dressrosa Arc Chapters
719,"Open, Chin Jao",Volume 72,Dressrosa Arc Chapters
720,Prisoner-Gladiators,Volume 72,Dressrosa Arc Chapters
721,Rebecca and the Soldier,Volume 72,Dressrosa Arc Chapters
722,Royal Bloodlines,Volume 73,Dressrosa Arc Chapters
723,Change of Plans,Volume 73,Dressrosa Arc Chapters
724,Law's Plan,Volume 73,Dressrosa Arc Chapters
725,The Undefeated Woman,Volume 73,Dressrosa Arc Chapters
726,The Riku Family,Volume 73,Dressrosa Arc Chapters
727,The Hero's Ambush,Volume 73,Dressrosa Arc Chapters
728,The Number of Tragedies,Volume 73,Dressrosa Arc Chapters
729,Warlord Doflamingo vs. Warlord Law,Volume 73,Dressrosa Arc Chapters
730,Three Cards,Volume 73,Dressrosa Arc Chapters
731,Operation Dressrosa S.O.P.,Volume 73,Dressrosa Arc Chapters
732,An Underground World,Volume 74,Dressrosa Arc Chapters
733,What the Soldier Wants,Volume 74,Dressrosa Arc Chapters
734,The Slicing Winds of Rommel,Volume 74,Dressrosa Arc Chapters
735,Fujitora's Plan,Volume 74,Dressrosa Arc Chapters
736,Supreme Officer Diamante,Volume 74,Dressrosa Arc Chapters
737,Officer's Tower,Volume 74,Dressrosa Arc Chapters
738,"Trebol Army, Special Officer Sugar",Volume 74,Dressrosa Arc Chapters
739,Captain,Volume 74,Dressrosa Arc Chapters
740,It's in Your Hands!!!,Volume 74,Dressrosa Arc Chapters
741,Usoland the Liar,Volume 74,Dressrosa Arc Chapters
742,Ever at Your Side,Volume 74,Dressrosa Arc Chapters
743,Dressrosa Trembles,Volume 75,Dressrosa Arc Chapters
744,Revolutionary Army Chief of Staff,Volume 75,Dressrosa Arc Chapters
745,The Birdcage,Volume 75,Dressrosa Arc Chapters
746,Stars,Volume 75,Dressrosa Arc Chapters
747,Supreme Officer Pica,Volume 75,Dressrosa Arc Chapters
748,Repaying the Debt,Volume 75,Dressrosa Arc Chapters
749,"Onward, Gallery of Rogues!!",Volume 75,Dressrosa Arc Chapters
750,Flash Points,Volume 75,Dressrosa Arc Chapters
751,Sabo vs. Admiral Fujitora,Volume 75,Dressrosa Arc Chapters
752,Palm,Volume 75,Dressrosa Arc Chapters
753,Battle,Volume 76,Dressrosa Arc Chapters
754,Making Acquaintance,Volume 76,Dressrosa Arc Chapters
755,A Man's World,Volume 76,Dressrosa Arc Chapters
756,The Fourth Step,Volume 76,Dressrosa Arc Chapters
757,Trump Card,Volume 76,Dressrosa Arc Chapters
758,Just Keep Going,Volume 76,Dressrosa Arc Chapters
759,Secret Plan,Volume 76,Dressrosa Arc Chapters
760,The Same Bet,Volume 76,Dressrosa Arc Chapters
761,The Op-Op Fruit,Volume 76,Dressrosa Arc Chapters
762,The White Town,Volume 76,Dressrosa Arc Chapters
763,Declaration of Humanity,Volume 76,Dressrosa Arc Chapters
764,White Monster,Volume 77,Dressrosa Arc Chapters
765,"Minion, the Isle of Fate",Volume 77,Dressrosa Arc Chapters
766,Smile,Volume 77,Dressrosa Arc Chapters
767,Cora,Volume 77,Dressrosa Arc Chapters
768,The Trigger That Day,Volume 77,Dressrosa Arc Chapters
769,Bellamy the Pirate,Volume 77,Dressrosa Arc Chapters
770,The Spear of Elbaph,Volume 77,Dressrosa Arc Chapters
771,"Sai, Don of the Happosui Army",Volume 77,Dressrosa Arc Chapters
772,Cabbage & Lomeo,Volume 77,Dressrosa Arc Chapters
773,Half 'n Half,Volume 77,Dressrosa Arc Chapters
774,"Leo, Captain of the Tontatta Warriors",Volume 77,Dressrosa Arc Chapters
775,To Russian With Love,Volume 77,Dressrosa Arc Chapters
776,Hero of the Coliseum,Volume 78,Dressrosa Arc Chapters
777,Zolo vs. Pica,Volume 78,Dressrosa Arc Chapters
778,Tactics No. 5,Volume 78,Dressrosa Arc Chapters
779,His Final Battle,Volume 78,Dressrosa Arc Chapters
780,The Heart Curse,Volume 78,Dressrosa Arc Chapters
781,Desire,Volume 78,Dressrosa Arc Chapters
782,Champion of Evil,Volume 78,Dressrosa Arc Chapters
783,In My Way,Volume 78,Dressrosa Arc Chapters
784,Gear Four,Volume 78,Dressrosa Arc Chapters
785,On Broken Legs,Volume 78,Dressrosa Arc Chapters
786,Gyats,Volume 79,Dressrosa Arc Chapters
787,Four Minutes Before,Volume 79,Dressrosa Arc Chapters
788,My Battle,Volume 79,Dressrosa Arc Chapters
789,Lucy!!,Volume 79,Dressrosa Arc Chapters
790,Heaven and Earth,Volume 79,Dressrosa Arc Chapters
791,Rubble,Volume 79,Dressrosa Arc Chapters
792,On Hands and Knees,Volume 79,Dressrosa Arc Chapters
793,Tiger and Dog,Volume 79,Dressrosa Arc Chapters
794,Sabo's Adventure,Volume 79,Dressrosa Arc Chapters
795,Suicide,Volume 79,Dressrosa Arc Chapters
796,Soldier's Conviction,Volume 80,Dressrosa Arc Chapters
797,Rebecca,Volume 80,Dressrosa Arc Chapters
798,Heart,Volume 80,Dressrosa Arc Chapters
799,Father and Sons,Volume 80,Dressrosa Arc Chapters
800,Sons' Cups,Volume 80,Dressrosa Arc Chapters
801,Opening Speech,Volume 80,Dressrosa Arc Chapters
802,Zou,Volume 80,Zou Arc Chapters
803,Elephant Climbing,Volume 80,Zou Arc Chapters
804,Adventure in the Land Atop the Elephant's Back,Volume 80,Zou Arc Chapters
805,The Minks,Volume 80,Zou Arc Chapters
806,At Rightflank Fortress,Volume 80,Zou Arc Chapters
807,Ten Days Earlier,Volume 81,Zou Arc Chapters
808,Duke Dogstorm,Volume 81,Zou Arc Chapters
809,The Cat Viper,Volume 81,Zou Arc Chapters
810,The Twirly Hat Crew Arrives,Volume 81,Zou Arc Chapters
811,ROKO,Volume 81,Zou Arc Chapters
812,"Capone ""Gang"" Bege",Volume 81,Zou Arc Chapters
813,Tea Party Invitation,Volume 81,Zou Arc Chapters
814,Let's Go See the Cat Viper,Volume 81,Zou Arc Chapters
815,Take Me With You!!,Volume 81,Zou Arc Chapters
816,Dog vs. Cat,Volume 81,Zou Arc Chapters
817,Raizo of the Mist,Volume 82,Zou Arc Chapters
818,Inside the Whale,Volume 82,Zou Arc Chapters
819,"Momonosuke, Heir to the Kozuki Clan",Volume 82,Zou Arc Chapters
820,Cats and Dogs Have a History,Volume 82,Zou Arc Chapters
821,Understood,Volume 82,Zou Arc Chapters
822,Descending the Elephant,Volume 82,Zou Arc Chapters
823,The World Is Restless,Volume 82,Zou Arc Chapters
824,Playing Pirates,Volume 82,Zou Arc Chapters
825,Comic Strip,Volume 82,Whole Cake Island Arc Chapters
826,0 and 4,Volume 82,Whole Cake Island Arc Chapters
827,Totto Land,Volume 82,Whole Cake Island Arc Chapters
828,1 and 2,Volume 83,Whole Cake Island Arc Chapters
829,"Emperor of the Sea, Charlotte Linlin",Volume 83,Whole Cake Island Arc Chapters
830,A Man You Can Bet On,Volume 83,Whole Cake Island Arc Chapters
831,Adventure in the Mysterious Forest,Volume 83,Whole Cake Island Arc Chapters
832,Kingdom of Germa,Volume 83,Whole Cake Island Arc Chapters
833,Vinsmoke Judge,Volume 83,Whole Cake Island Arc Chapters
834,My Dream,Volume 83,Whole Cake Island Arc Chapters
835,Kingdom of Soul,Volume 83,Whole Cake Island Arc Chapters
836,Lola's Vivre Card,Volume 83,Whole Cake Island Arc Chapters
837,Luffy vs. Cracker the General,Volume 83,Whole Cake Island Arc Chapters
838,ChoBro,Volume 83,Whole Cake Island Arc Chapters
839,I Owe You My Life!,Volume 84,Whole Cake Island Arc Chapters
840,The Iron Mask,Volume 84,Whole Cake Island Arc Chapters
841,To the East Blue,Volume 84,Whole Cake Island Arc Chapters
842,The Power of a Full Stomach,Volume 84,Whole Cake Island Arc Chapters
843,Vinsmoke Sanji,Volume 84,Whole Cake Island Arc Chapters
844,Luffy vs. Sanji,Volume 84,Whole Cake Island Arc Chapters
845,Forces of Rage,Volume 84,Whole Cake Island Arc Chapters
846,Tamago Security,Volume 84,Whole Cake Island Arc Chapters
847,Luffy and Big Mom,Volume 84,Whole Cake Island Arc Chapters
848,Goodbye,Volume 84,Whole Cake Island Arc Chapters
849,ChoBro in the Land of Mirrors,Volume 85,Whole Cake Island Arc Chapters
850,A Ray of Light,Volume 85,Whole Cake Island Arc Chapters
851,Dog-End,Volume 85,Whole Cake Island Arc Chapters
852,Germa's Failure,Volume 85,Whole Cake Island Arc Chapters
853,Not Here,Volume 85,Whole Cake Island Arc Chapters
854,What Are You Doing?,Volume 85,Whole Cake Island Arc Chapters
855,Glurrgle!!!,Volume 85,Whole Cake Island Arc Chapters
856,Liar,Volume 85,Whole Cake Island Arc Chapters
857,Rook,Volume 85,Whole Cake Island Arc Chapters
858,Meeting,Volume 85,Whole Cake Island Arc Chapters
859,Emperor Assassination Plan,Volume 86,Whole Cake Island Arc Chapters
860,10:00 Start,Volume 86,Whole Cake Island Arc Chapters
861,The Actor,Volume 86,Whole Cake Island Arc Chapters
862,The Thinker,Volume 86,Whole Cake Island Arc Chapters
863,The Knight,Volume 86,Whole Cake Island Arc Chapters
864,The Vinsmoke Massacre Plot,Volume 86,Whole Cake Island Arc Chapters
865,"Hey, Mother",Volume 86,Whole Cake Island Arc Chapters
866,Natural Born Destroyer,Volume 86,Whole Cake Island Arc Chapters
867,Happy Birthday,Volume 86,Whole Cake Island Arc Chapters
868,KX Launcher,Volume 86,Whole Cake Island Arc Chapters
869,Castling,Volume 86,Whole Cake Island Arc Chapters
870,Parting,Volume 87,Whole Cake Island Arc Chapters
871,"You Can Do It, Caesar!!",Volume 87,Whole Cake Island Arc Chapters
872,Thick and Fluffy,Volume 87,Whole Cake Island Arc Chapters
873,Recipe for Disaster,Volume 87,Whole Cake Island Arc Chapters
874,Be My Servant,Volume 87,Whole Cake Island Arc Chapters
875,A Woman's Honor,Volume 87,Whole Cake Island Arc Chapters
876,Pudding Coincidentally Appears!!,Volume 87,Whole Cake Island Arc Chapters
877,Bittersweet,Volume 87,Whole Cake Island Arc Chapters
878,Commander Pedro of the Mink Guardians,Volume 87,Whole Cake Island Arc Chapters
879,"Big Mom's Sweet 3 General, Katakuri",Volume 87,Whole Cake Island Arc Chapters
880,Zero Escape,Volume 88,Whole Cake Island Arc Chapters
881,Wave Room,Volume 88,Whole Cake Island Arc Chapters
882,Beyond the Emperor's Expectations,Volume 88,Whole Cake Island Arc Chapters
883,Merienda,Volume 88,Whole Cake Island Arc Chapters
884,Who Is That?,Volume 88,Whole Cake Island Arc Chapters
885,I'm Brulee!!!,Volume 88,Whole Cake Island Arc Chapters
886,Way of Life,Volume 88,Whole Cake Island Arc Chapters
887,Someone Somewhere Is Wishing for Your Happiness,Volume 88,Whole Cake Island Arc Chapters
888,Lion,Volume 88,Whole Cake Island Arc Chapters
889,Unfamiliar Mama,Volume 88,Whole Cake Island Arc Chapters
890,Big Mom on the Ship,Volume 89,Whole Cake Island Arc Chapters
891,They Believe in Me,Volume 89,Whole Cake Island Arc Chapters
892,Threat Confirmed,Volume 89,Whole Cake Island Arc Chapters
893,"Flampe, 36th Daughter of Charlotte",Volume 89,Whole Cake Island Arc Chapters
894,12:05,Volume 89,Whole Cake Island Arc Chapters
895,Luffy the Pirate vs. General Katakuri,Volume 89,Whole Cake Island Arc Chapters
896,One Last Thing,Volume 89,Whole Cake Island Arc Chapters
897,Pekoms's Cacao Island Escape Plan,Volume 89,Whole Cake Island Arc Chapters
898,I Will Return,Volume 89,Whole Cake Island Arc Chapters
899,The Final Fortress,Volume 89,Whole Cake Island Arc Chapters
900,Bad End Musical,Volume 89,Whole Cake Island Arc Chapters
901,Don't Let Even Death Stop You!!!,Volume 90,Whole Cake Island Arc Chapters
902,End Roll,Volume 90,Whole Cake Island Arc Chapters
903,Fifth Emperor,Volume 90,Levely Arc Chapters
904,Introducing the Revolutionary Army Captains,Volume 90,Levely Arc Chapters
905,What a Beautiful World,Volume 90,Levely Arc Chapters
906,Sacred Marijoa,Volume 90,Levely Arc Chapters
907,The Empty Throne,Volume 90,Levely Arc Chapters
908,The Reverie Begins,Volume 90,Levely Arc Chapters
909,Seppuku,Volume 90,Wano Country Arc Chapters
910,Onward to Wano,Volume 90,Wano Country Arc Chapters
911,Adventure in the Land of Samurai,Volume 91,Wano Country Arc Chapters
912,Amigasa Village,Volume 91,Wano Country Arc Chapters
913,The Crane Returns the Favor,Volume 91,Wano Country Arc Chapters
914,Okobore Town,Volume 91,Wano Country Arc Chapters
915,Bakura Town,Volume 91,Wano Country Arc Chapters
916,Wano Sumo,Volume 91,Wano Country Arc Chapters
917,Food Treasure Barge,Volume 91,Wano Country Arc Chapters
918,Luffytaro Returns the Favor,Volume 91,Wano Country Arc Chapters
919,The Ruins of Oden Castle,Volume 91,Wano Country Arc Chapters
920,For Love of Oden,Volume 91,Wano Country Arc Chapters
921,Shutenmaru,Volume 91,Wano Country Arc Chapters
922,Supreme Commander Kaido of the Animal Kingdom Pirates,Volume 92,Wano Country Arc Chapters
923,Emperor of the Sea Kaido vs. Luffy,Volume 92,Wano Country Arc Chapters
924,Huh,Volume 92,Wano Country Arc Chapters
925,Absence,Volume 92,Wano Country Arc Chapters
926,Excavation Labor Camp,Volume 92,Wano Country Arc Chapters
927,Otoko the Kamuro,Volume 92,Wano Country Arc Chapters
928,Introducing Komurasaki the Oiran,Volume 92,Wano Country Arc Chapters
929,"Shogun of Wano, Kurozumi Orochi",Volume 92,Wano Country Arc Chapters
930,Ebisu Town,Volume 92,Wano Country Arc Chapters
931,Soba Mask,Volume 92,Wano Country Arc Chapters
932,Shogun and Oiran,Volume 93,Wano Country Arc Chapters
933,A Warrior's Mercy,Volume 93,Wano Country Arc Chapters
934,Hyogoro the Flower,Volume 93,Wano Country Arc Chapters
935,Queen,Volume 93,Wano Country Arc Chapters
936,Sumo Inferno,Volume 93,Wano Country Arc Chapters
937,Gyukimaru on Bandit's Bridge,Volume 93,Wano Country Arc Chapters
938,A Woman's Secret,Volume 93,Wano Country Arc Chapters
939,The Old Leopard Never Forgets the Way,Volume 93,Wano Country Arc Chapters
940,Sparks of Rebellion,Volume 93,Wano Country Arc Chapters
941,The Star of Ebisu,Volume 93,Wano Country Arc Chapters
942,"Daimyo of Hakumai, Shimotsuki Yasuie",Volume 93,Wano Country Arc Chapters
943,Smile,Volume 94,Wano Country Arc Chapters
944,Partner,Volume 94,Wano Country Arc Chapters
945,Olin,Volume 94,Wano Country Arc Chapters
946,Queen vs. Olin,Volume 94,Wano Country Arc Chapters
947,Queen's Gamble,Volume 94,Wano Country Arc Chapters
948,Introducing Kawamatsu the Kappa,Volume 94,Wano Country Arc Chapters
949,Mummy,Volume 94,Wano Country Arc Chapters
950,A Soldier's Dream,Volume 94,Wano Country Arc Chapters
951,Rampage,Volume 94,Wano Country Arc Chapters
952,Hiyori and Kawamatsu,Volume 94,Wano Country Arc Chapters
953,Once a Fox,Volume 94,Wano Country Arc Chapters
954,Like a Dragon Given Wings,Volume 95,Wano Country Arc Chapters
955,Enma,Volume 95,Wano Country Arc Chapters
956,Big News,Volume 95,Wano Country Arc Chapters
957,Ultimate,Volume 95,Wano Country Arc Chapters
958,The Promised Port,Volume 95,Wano Country Arc Chapters
959,Samurai,Volume 95,Wano Country Arc Chapters
960,Introducing Kozuki Oden,Volume 95,Wano Country Arc Chapters
961,The Mountain God Incident,Volume 95,Wano Country Arc Chapters
962,Daimyo and Vassals,Volume 95,Wano Country Arc Chapters
963,Becoming Samurai,Volume 95,Wano Country Arc Chapters
964,Oden's Adventure,Volume 95,Wano Country Arc Chapters
965,The Kurozumi Clan's Plot,Volume 96,Wano Country Arc Chapters
966,Roger and Whitebeard,Volume 96,Wano Country Arc Chapters
967,Roger's Adventure,Volume 96,Wano Country Arc Chapters
968,Oden's Return,Volume 96,Wano Country Arc Chapters
969,Fool of a Lord,Volume 96,Wano Country Arc Chapters
970,Oden vs. Kaido,Volume 96,Wano Country Arc Chapters
971,Sentenced to Boil,Volume 96,Wano Country Arc Chapters
972,"I Am Oden, and I Was Born to Boil",Volume 96,Wano Country Arc Chapters
973,The Kozuki Clan,Volume 96,Wano Country Arc Chapters
974,Onward to Onigashima!!,Volume 96,Wano Country Arc Chapters
975,Kin'emon's Clever Trick,Volume 97,Wano Country Arc Chapters
976,Begging Your Pardon!!!,Volume 97,Wano Country Arc Chapters
977,The Party's Off!!!,Volume 97,Wano Country Arc Chapters
978,Introducing the Tobi Roppo,Volume 97,Wano Country Arc Chapters
979,Family Problem,Volume 97,Wano Country Arc Chapters
980,Fighting Music,Volume 97,Wano Country Arc Chapters
981,Joining the Fight,Volume 97,Wano Country Arc Chapters
982,Scoundrel Meets Scoundrel,Volume 97,Wano Country Arc Chapters
983,Thunder,Volume 97,Wano Country Arc Chapters
984,My Bible,Volume 97,Wano Country Arc Chapters
985,New Onigashima Project,Volume 98,Wano Country Arc Chapters
986,My Name,Volume 98,Wano Country Arc Chapters
987,Vassals of Glory,Volume 98,Wano Country Arc Chapters
988,Sorry for the Wait,Volume 98,Wano Country Arc Chapters
989,I Can't Imagine Losing,Volume 98,Wano Country Arc Chapters
990,Army of One,Volume 98,Wano Country Arc Chapters
991,Let Us Die!!!,Volume 98,Wano Country Arc Chapters
992,Remnants,Volume 98,Wano Country Arc Chapters
993,The Dream of Wano,Volume 98,Wano Country Arc Chapters
994,My Other Name Is Yamato,Volume 98,Wano Country Arc Chapters
995,A Kunoichi's Oath,Volume 99,Wano Country Arc Chapters
996,Island of the Strongest,Volume 99,Wano Country Arc Chapters
997,Flame Clouds,Volume 99,Wano Country Arc Chapters
998,Ancient Types,Volume 99,Wano Country Arc Chapters
999,The Sake I Brewed to Drink With You,Volume 99,Wano Country Arc Chapters
1000,Straw Hat Luffy,Volume 99,Wano Country Arc Chapters
1001,Battle of Monsters on Onigashima,Volume 99,Wano Country Arc Chapters
1002,Four Emperors vs. New Generation,Volume 99,Wano Country Arc Chapters
1003,Night on the Board,Volume 99,Wano Country Arc Chapters
1004,Millet Dumplings,Volume 99,Wano Country Arc Chapters
1005,Demon Child,Volume 100,Wano Country Arc Chapters
1006,The Honorable Hyogoro the Flower,Volume 100,Wano Country Arc Chapters
1007,Mr. Raccoon Dog,Volume 100,Wano Country Arc Chapters
1008,"Leader of the Atamayama Thieves Brigade, Ashura Doji",Volume 100,Wano Country Arc Chapters
1009,Naraku,Volume 100,Wano Country Arc Chapters
1010,Color of the Supreme King,Volume 100,Wano Country Arc Chapters
1011,The Code of Sweet Beans,Volume 100,Wano Country Arc Chapters
1012,Itch,Volume 100,Wano Country Arc Chapters
1013,Anarchy in the B.M. (Big Mom),Volume 100,Wano Country Arc Chapters
1014,The Ham,Volume 100,Wano Country Arc Chapters
1015,Chains,Volume 100,Wano Country Arc Chapters
1016,"It's Me, Otama!!",Volume 101,Wano Country Arc Chapters
1017,The Order,Volume 101,Wano Country Arc Chapters
1018,Jimbei vs. Who's-Who,Volume 101,Wano Country Arc Chapters
1019,Heliceratops,Volume 101,Wano Country Arc Chapters
1020,Robin vs. Black Maria,Volume 101,Wano Country Arc Chapters
1021,Demonio,Volume 101,Wano Country Arc Chapters
1022,The Stars Take the Stage,Volume 101,Wano Country Arc Chapters
1023,Spitting Image,Volume 101,Wano Country Arc Chapters
1024,So-and-So,Volume 101,Wano Country Arc Chapters
1025,Twin Dragons,Volume 101,Wano Country Arc Chapters
1026,The Pivotal Clash,Volume 102,Wano Country Arc Chapters
1027,Danger Beyond Imagining,Volume 102,Wano Country Arc Chapters
1028,Brachiosnakeus,Volume 102,Wano Country Arc Chapters
1029,The Tower,Volume 102,Wano Country Arc Chapters
1030,Echoing the Impermanence of All Things,Volume 102,Wano Country Arc Chapters
1031,Warrior of Science,Volume 102,Wano Country Arc Chapters
1032,Oden's Beloved Blade,Volume 102,Wano Country Arc Chapters
1033,Shimotsuki Kozaburo,Volume 102,Wano Country Arc Chapters
1034,Sanji vs. Queen,Volume 102,Wano Country Arc Chapters
1035,Zolo Vs. King,Volume 102,Wano Country Arc Chapters
1036,Bushido is the Way of Death,Volume 103,Wano Country Arc Chapters
1037,Drunken Dragon Bagua,Volume 103,Wano Country Arc Chapters
1038,Kid & Law vs. Big Mom,Volume 103,Wano Country Arc Chapters
1039,Top Billing,Volume 103,Wano Country Arc Chapters
1040,Wasted Words on Young Ears,Volume 103,Wano Country Arc Chapters
1041,Komurasaki,Volume 103,Wano Country Arc Chapters
1042,The Victor Needs No Epithet,Volume 103,Wano Country Arc Chapters
1043,Let's Face Death Together!!!,Volume 103,Wano Country Arc Chapters
1044,Warrior of Liberation,Volume 103,Wano Country Arc Chapters
1045,Next Level,Volume 103,Wano Country Arc Chapters
1046,Raizo,Volume 103,Wano Country Arc Chapters
1047,The Sky Over the Capital,Volume 104,Wano Country Arc Chapters
1048,Twenty Years,Volume 104,Wano Country Arc Chapters
1049,The World That Should Be,Volume 104,Wano Country Arc Chapters
1050,Honor,Volume 104,Wano Country Arc Chapters
1051,"Shogun of Wano, Kozuki Momonosuke",Volume 104,Wano Country Arc Chapters
1052,A New Morning,Volume 104,Wano Country Arc Chapters
1053,New Emperors,Volume 104,Wano Country Arc Chapters
1054,Flame Emperor,Volume 104,Wano Country Arc Chapters
1055,The New Era,Volume 104,Wano Country Arc Chapters
1056,Cross Guild,Volume 105,Wano Country Arc Chapters
1057,The End,Volume 105,Wano Country Arc Chapters
1058,New Emperors,Volume 105,Egghead Arc Chapters
1059,The Matter Involving Captain Koby,Volume 105,Egghead Arc Chapters
1060,Luffy's Dream,Volume 105,Egghead Arc Chapters
1061,Future Island Egghead,Volume 105,Egghead Arc Chapters
1062,Adventure in the Land of Science,Volume 105,Egghead Arc Chapters
1063,My Only Family,Volume 105,Egghead Arc Chapters
1064,Egghead Labophase,Volume 105,Egghead Arc Chapters
1065,Six Vegapunks,Volume 105,Egghead Arc Chapters
1066,The Will of Ohara,Volume TBA,Egghead Arc Chapters
1067,Punk Records,Volume TBA,Egghead Arc Chapters
1068,A Genius's Dream,Volume TBA,Egghead Arc Chapters
1069,All Things Are Brought Into This World With Hope,Volume TBA,Egghead Arc Chapters
1070,The Strongest Form of Humanity,Volume TBA,Egghead Arc Chapters
1071,The Hero Deploys,Volume TBA,Egghead Arc Chapters
1072,The Weight of Memory,Volume TBA,Egghead Arc Chapters
1073,Miss Buckingham Stussy,Volume TBA,Egghead Arc Chapters
1074,Mk. III,Volume TBA,Egghead Arc Chapters
1075,Labophase Death Game,Volume TBA,Egghead Arc Chapters
1076,Old Friends,Volume TBA,Egghead Arc Chapters
1077,Should Have Noticed Sooner,Volume TBA,Egghead Arc Chapters
1078,Escape Limit,Volume TBA,Egghead Arc Chapters
1079,"The Emperor's Crew, The Red-Haired Pirates",Volume TBA,Egghead Arc Chapters
1080,The Hero of Legend,Volume TBA,Egghead Arc Chapters
1081,"Tenth Ship Captain of the Blackbeard Pirates, Kuzan",Volume TBA,Egghead Arc Chapters
1082,Let's Go and Take It!!,Volume TBA,Egghead Arc Chapters
